SWDY.CA,count
3.4000000953674316,14
17.405000686645508,12
8.600000381469727,12
8.5,10
8.0,10
8.199999809265137,9
4.599999904632568,9
4.699999809265137,9
8.399999618530273,9
8.300000190734863,9
80.5,9
3.5,8
5.260000228881836,8
7.429999828338623,8
4.199999809265137,8
4.381999969482422,8
4.300000190734863,8
4.800000190734863,8
74.48999786376953,8
9.029999732971191,7
47.0,7
7.210000038146973,7
8.010000228881836,7
7.099999904632568,7
8.479999542236328,7
8.5600004196167,7
9.600000381469727,7
77.0,7
78.0,7
8.800000190734863,7
8.739999771118164,7
7.159999847412109,7
8.699999809265137,7
4.297999858856201,7
9.100000381469727,7
9.449999809265137,7
8.34000015258789,6
4.6539998054504395,6
4.801000118255615,6
7.599999904632568,6
13.979999542236328,6
82.0,6
75.0,6
7.480000019073486,6
4.949999809265137,6
13.40999984741211,6
7.510000228881836,6
7.179999828338623,6
7.829999923706055,6
14.289999961853027,6
9.079999923706055,6
7.409999847412109,5
7.309999942779541,5
79.01000213623047,5
23.3799991607666,5
76.52999877929688,5
77.5,5
7.699999809265137,5
8.380000114440918,5
8.75,5
9.15999984741211,5
8.489999771118164,5
32.61000061035156,5
31.649999618530273,5
22.65999984741211,5
7.539999961853027,5
12.0,5
19.450000762939453,5
3.500999927520752,5
7.860000133514404,5
7.46999979019165,5
4.511000156402588,5
4.631999969482422,5
13.619999885559082,5
12.84000015258789,5
13.180000305175781,5
13.800000190734863,5
8.420000076293945,5
13.100000381469727,5
9.489999771118164,5
7.639999866485596,5
7.690000057220459,5
7.559999942779541,5
7.329999923706055,5
13.84000015258789,5
15.40999984741211,5
4.581999778747559,5
5.309000015258789,5
6.050000190734863,5
8.6899995803833,5
8.878000259399414,5
7.697000026702881,5
5.494999885559082,5
4.380000114440918,5
4.348999977111816,5
4.105999946594238,5
3.4189999103546143,5
4.383999824523926,5
4.218999862670898,5
4.510000228881836,5
4.64900016784668,5
3.561000108718872,4
4.500999927520752,4
4.449999809265137,4
5.119999885559082,4
8.260000228881836,4
4.296999931335449,4
18.299999237060547,4
4.550000190734863,4
76.55000305175781,4
17.450000762939453,4
8.460000038146973,4
8.220000267028809,4
8.520000457763672,4
8.029999732971191,4
8.470000267028809,4
4.400000095367432,4
7.561999797821045,4
14.0,4
4.63100004196167,4
23.85700035095215,4
19.930999755859375,4
14.15999984741211,4
7.960000038146973,4
8.40999984741211,4
9.390000343322754,4
7.820000171661377,4
7.659999847412109,4
8.050000190734863,4
8.289999961853027,4
29.5,4
9.399999618530273,4
7.849999904632568,4
9.220000267028809,4
9.039999961853027,4
7.906000137329102,4
7.130000114440918,4
7.289999961853027,4
13.020000457763672,4
79.88999938964844,4
4.89900016784668,4
12.199999809265137,4
12.260000228881836,4
35.0,4
7.679999828338623,4
9.118000030517578,4
6.289999961853027,4
6.71999979019165,4
4.34499979019165,4
4.276000022888184,4
11.279999732971191,4
81.75,4
81.5,4
12.029999732971191,4
16.149999618530273,4
47.2599983215332,4
47.02000045776367,4
7.260000228881836,4
7.110000133514404,4
7.079999923706055,4
9.1899995803833,4
8.390000343322754,4
4.293000221252441,4
76.16000366210938,4
7.460000038146973,4
7.739999771118164,4
8.0600004196167,4
8.949999809265137,4
8.960000038146973,4
4.695000171661377,4
8.579999923706055,4
16.110000610351562,4
5.041999816894531,4
4.760000228881836,4
9.9399995803833,4
78.25,4
17.829999923706055,4
4.168000221252441,4
14.449999809265137,3
4.802000045776367,3
14.5,3
13.880000114440918,3
75.86000061035156,3
76.19999694824219,3
79.08999633789062,3
16.700000762939453,3
17.1299991607666,3
17.709999084472656,3
77.58999633789062,3
76.4800033569336,3
5.099999904632568,3
6.059999942779541,3
7.230000019073486,3
7.199999809265137,3
7.449999809265137,3
3.4509999752044678,3
7.570000171661377,3
14.979999542236328,3
16.1200008392334,3
16.450000762939453,3
16.399999618530273,3
19.260000228881836,3
76.02999877929688,3
9.149999618530273,3
8.920000076293945,3
8.989999771118164,3
8.239999771118164,3
7.840000152587891,3
7.71999979019165,3
84.5,3
4.829999923706055,3
78.69999694824219,3
8.59000015258789,3
11.234000205993652,3
10.4399995803833,3
10.223999977111816,3
4.349999904632568,3
14.741999626159668,3
10.869999885559082,3
8.65999984741211,3
10.1899995803833,3
9.8100004196167,3
4.900000095367432,3
10.8100004196167,3
4.150000095367432,3
3.9619998931884766,3
7.53000020980835,3
6.809999942779541,3
7.070000171661377,3
7.809999942779541,3
7.239999771118164,3
7.28000020980835,3
8.319999694824219,3
97.0,3
67.66999816894531,3
4.211999893188477,3
56.599998474121094,3
92.5,3
8.15999984741211,3
8.899999618530273,3
9.09000015258789,3
6.849999904632568,3
6.630000114440918,3
8.776000022888184,3
7.119999885559082,3
7.769999980926514,3
7.389999866485596,3
7.269999980926514,3
44.279998779296875,3
47.5099983215332,3
47.400001525878906,3
15.704000473022461,3
13.420000076293945,3
12.970000267028809,3
12.760000228881836,3
81.41999816894531,3
12.75,3
12.989999771118164,3
11.25,3
11.420000076293945,3
13.532999992370605,3
14.324000358581543,3
6.789999961853027,3
6.769999980926514,3
9.392999649047852,3
6.929999828338623,3
31.049999237060547,3
4.301000118255615,3
3.549999952316284,3
3.450000047683716,3
7.519999980926514,3
13.079999923706055,3
13.239999771118164,3
15.0,3
12.949999809265137,3
82.94000244140625,3
78.68000030517578,3
79.05000305175781,3
78.51000213623047,3
4.802999973297119,3
75.9000015258789,3
12.829999923706055,3
7.21999979019165,3
3.937000036239624,3
7.995999813079834,3
8.77400016784668,3
8.84000015258789,3
32.15999984741211,3
32.369998931884766,3
31.5,3
3.6459999084472656,3
9.170000076293945,3
8.979999542236328,3
8.779999732971191,3
8.649999618530273,3
8.329999923706055,3
10.40999984741211,3
10.260000228881836,3
10.229999542236328,3
8.569999694824219,3
9.699999809265137,3
9.829999923706055,3
9.350000381469727,3
9.529999732971191,3
27.5,3
29.25,3
27.15999984741211,3
10.210000038146973,3
9.020000457763672,3
9.3100004196167,3
8.880000114440918,3
23.0,3
22.360000610351562,3
22.59000015258789,3
8.539999961853027,3
14.1899995803833,3
13.649999618530273,3
13.0,3
13.539999961853027,3
14.039999961853027,3
14.020000457763672,3
77.08999633789062,3
79.0,3
14.229999542236328,3
18.170000076293945,3
14.130000114440918,3
7.940000057220459,3
8.359999656677246,3
8.930000305175781,3
7.499000072479248,3
7.984000205993652,3
17.09000015258789,3
20.0,3
18.809999465942383,3
4.39900016784668,3
8.706000328063965,3
8.180000305175781,3
8.210000038146973,3
8.039999961853027,3
8.3100004196167,3
8.670000076293945,3
8.020000457763672,3
9.359999656677246,3
7.414999961853027,3
7.343999862670898,3
11.960000038146973,3
12.800000190734863,3
13.399999618530273,3
4.363999843597412,3
19.299999237060547,3
16.270000457763672,3
16.579999923706055,3
18.399999618530273,3
18.040000915527344,3
16.059999465942383,3
4.208000183105469,3
4.251999855041504,3
4.656000137329102,3
75.05999755859375,3
17.850000381469727,3
16.8700008392334,3
19.961000442504883,3
7.909999847412109,3
7.340000152587891,3
7.900000095367432,3
5.877999782562256,3
7.550000190734863,3
4.697999954223633,3
6.449999809265137,3
3.552000045776367,3
3.5989999771118164,3
4.658999919891357,3
4.796999931335449,3
78.66000366210938,3
3.3980000019073486,3
77.93000030517578,3
3.2750000953674316,3
3.3959999084472656,2
79.02999877929688,2
78.52999877929688,2
3.244999885559082,2
15.15999984741211,2
5.1020002365112305,2
5.10699987411499,2
5.073999881744385,2
5.343999862670898,2
72.69000244140625,2
4.2230000495910645,2
3.3989999294281006,2
3.4240000247955322,2
78.95999908447266,2
16.25,2
16.65999984741211,2
16.81999969482422,2
16.75,2
14.069999694824219,2
19.224000930786133,2
19.554000854492188,2
9.050000190734863,2
9.260000228881836,2
6.699999809265137,2
6.800000190734863,2
7.0,2
7.300000190734863,2
7.059999942779541,2
3.5940001010894775,2
3.499000072479248,2
3.5420000553131104,2
3.502000093460083,2
4.2220001220703125,2
5.258999824523926,2
5.160999774932861,2
5.047999858856201,2
7.400000095367432,2
8.175999641418457,2
7.603000164031982,2
7.800000190734863,2
7.190000057220459,2
6.599999904632568,2
6.550000190734863,2
4.505000114440918,2
4.4770002365112305,2
4.574999809265137,2
4.708000183105469,2
11.270000457763672,2
4.763999938964844,2
6.261000156402588,2
6.232999801635742,2
6.02400016784668,2
6.034999847412109,2
12.25,2
12.460000038146973,2
12.539999961853027,2
13.25,2
12.890000343322754,2
13.600000381469727,2
4.328000068664551,2
13.75,2
16.420000076293945,2
8.130000114440918,2
7.349999904632568,2
8.25,2
7.579999923706055,2
7.789999961853027,2
8.829999923706055,2
8.012999534606934,2
8.14799976348877,2
7.590000152587891,2
8.710000038146973,2
8.170000076293945,2
8.119999885559082,2
8.619999885559082,2
8.819999694824219,2
8.270000457763672,2
8.069999694824219,2
9.789999961853027,2
8.449999809265137,2
8.369999885559082,2
7.881999969482422,2
7.693999767303467,2
8.510000228881836,2
11.930000305175781,2
7.807000160217285,2
8.204999923706055,2
9.137999534606934,2
17.100000381469727,2
18.239999771118164,2
20.899999618530273,2
18.940000534057617,2
18.100000381469727,2
18.469999313354492,2
18.920000076293945,2
3.7100000381469727,2
3.700000047683716,2
4.456999778747559,2
18.65999984741211,2
8.53600025177002,2
7.870999813079834,2
20.979999542236328,2
20.1200008392334,2
19.600000381469727,2
22.510000228881836,2
3.121000051498413,2
3.0179998874664307,2
4.565999984741211,2
3.937999963760376,2
3.9110000133514404,2
3.8949999809265137,2
27.530000686645508,2
29.969999313354492,2
9.380000114440918,2
9.5,2
8.550000190734863,2
7.610000133514404,2
28.450000762939453,2
28.399999618530273,2
3.5910000801086426,2
3.6510000228881836,2
3.375,2
28.75,2
28.25,2
28.610000610351562,2
9.619999885559082,2
10.149999618530273,2
9.0600004196167,2
8.440999984741211,2
8.272000312805176,2
8.100000381469727,2
8.494000434875488,2
22.299999237060547,2
8.232999801635742,2
8.217000007629395,2
7.959000110626221,2
7.953999996185303,2
8.149999618530273,2
10.300000190734863,2
10.430000305175781,2
7.784999847412109,2
8.206000328063965,2
8.586000442504883,2
8.531000137329102,2
9.479999542236328,2
28.920000076293945,2
28.0,2
23.65999984741211,2
27.200000762939453,2
9.119999885559082,2
28.329999923706055,2
26.149999618530273,2
27.639999389648438,2
31.860000610351562,2
29.889999389648438,2
29.0,2
3.5460000038146973,2
3.690000057220459,2
2.934999942779541,2
3.1019999980926514,2
3.503000020980835,2
33.4900016784668,2
8.609999656677246,2
8.720000267028809,2
8.576000213623047,2
42.5,2
42.619998931884766,2
33.0,2
33.7599983215332,2
4.224999904632568,2
4.204999923706055,2
3.4679999351501465,2
3.4739999771118164,2
3.496999979019165,2
35.900001525878906,2
7.380000114440918,2
8.907999992370605,2
8.838000297546387,2
8.888999938964844,2
3.7300000190734863,2
3.743000030517578,2
46.810001373291016,2
46.79999923706055,2
44.5099983215332,2
60.61000061035156,2
56.220001220703125,2
3.9649999141693115,2
4.172999858856201,2
6.349999904632568,2
3.6989998817443848,2
3.5799999237060547,2
8.303000450134277,2
9.050999641418457,2
6.960000038146973,2
7.25,2
7.440000057220459,2
41.4900016784668,2
8.822999954223633,2
9.569999694824219,2
8.890000343322754,2
6.440000057220459,2
6.96999979019165,2
6.739999771118164,2
6.980000019073486,2
8.802000045776367,2
8.781000137329102,2
8.916000366210938,2
8.696000099182129,2
6.940000057220459,2
7.010000228881836,2
7.03000020980835,2
37.0099983215332,2
34.560001373291016,2
10.309000015258789,2
4.830999851226807,2
7.5,2
8.140000343322754,2
46.91999816894531,2
60.9900016784668,2
57.61000061035156,2
57.90999984741211,2
58.13999938964844,2
4.401000022888184,2
4.206999778747559,2
4.203999996185303,2
4.0,2
9.045999526977539,2
9.20300006866455,2
8.9399995803833,2
10.543000221252441,2
9.39900016784668,2
91.0999984741211,2
88.51000213623047,2
100.3499984741211,2
89.5,2
90.98999786376953,2
88.26000213623047,2
88.02999877929688,2
87.80000305175781,2
4.849999904632568,2
89.30999755859375,2
90.8499984741211,2
79.22000122070312,2
8.49899959564209,2
10.494999885559082,2
75.30000305175781,2
10.399999618530273,2
10.460000038146973,2
6.260000228881836,2
10.833000183105469,2
10.585000038146973,2
12.538000106811523,2
11.937000274658203,2
11.302000045776367,2
11.512999534606934,2
6.389999866485596,2
7.75,2
4.677999973297119,2
9.291000366210938,2
10.520000457763672,2
10.57800006866455,2
13.628000259399414,2
13.562999725341797,2
80.93000030517578,2
83.5,2
75.87999725341797,2
75.51000213623047,2
80.0199966430664,2
81.05999755859375,2
83.52999877929688,2
82.9000015258789,2
85.5,2
4.578999996185303,2
4.697000026702881,2
4.7789998054504395,2
4.817999839782715,2
4.821000099182129,2
10.710000038146973,2
10.960000038146973,2
13.319999694824219,2
12.824999809265137,2
14.487000465393066,2
11.050000190734863,2
11.0,2
8.850000381469727,2
9.890000343322754,2
10.09000015258789,2
10.170000076293945,2
11.093999862670898,2
11.282999992370605,2
14.753999710083008,2
15.062000274658203,2
14.597000122070312,2
12.789999961853027,2
11.329999923706055,2
11.5,2
11.210000038146973,2
11.449999809265137,2
11.65999984741211,2
14.942999839782715,2
15.493000030517578,2
15.454999923706055,2
11.260000228881836,2
11.369999885559082,2
11.319999694824219,2
10.949999809265137,2
10.630000114440918,2
10.569999694824219,2
10.680000305175781,2
12.859999656677246,2
11.430000305175781,2
12.210000038146973,2
75.0999984741211,2
75.06999969482422,2
80.43000030517578,2
81.0,2
81.41000366210938,2
5.074999809265137,2
4.6519999504089355,2
4.76200008392334,2
4.822999954223633,2
4.736999988555908,2
84.80000305175781,2
80.16000366210938,2
80.44000244140625,2
14.854999542236328,2
20.847000122070312,2
13.449999809265137,2
82.11000061035156,2
78.48999786376953,2
80.9800033569336,2
76.5999984741211,2
78.44999694824219,2
4.001999855041504,2
4.636000156402588,2
78.05999755859375,2
12.979999542236328,2
12.899999618530273,2
15.628000259399414,2
15.041999816894531,2
13.15999984741211,2
14.0600004196167,2
20.86199951171875,2
16.37700080871582,2
25.145000457763672,2
23.503000259399414,2
23.275999069213867,2
23.795000076293945,2
13.90999984741211,2
12.40999984741211,2
12.149999618530273,2
12.350000381469727,2
13.029999732971191,2
13.850000381469727,2
14.649999618530273,2
14.789999961853027,2
15.220000267028809,2
76.76000213623047,2
76.43000030517578,2
77.01000213623047,2
73.0,2
75.95999908447266,2
80.31999969482422,2
79.19999694824219,2
76.0,2
4.994999885559082,2
5.089000225067139,2
4.65500020980835,2
4.701000213623047,2
4.723999977111816,2
13.380000114440918,2
13.960000038146973,2
14.170000076293945,2
23.871999740600586,2
25.14699935913086,2
20.825000762939453,2
20.534000396728516,2
21.437999725341797,2
20.94099998474121,2
15.579999923706055,2
15.619999885559082,2
13.899999618530273,2
13.819999694824219,2
14.25,2
22.013999938964844,2
22.440000534057617,2
4.517000198364258,2
13.149999618530273,2
13.229999542236328,2
16.969999313354492,2
17.40999984741211,2
16.920000076293945,2
22.260000228881836,2
21.972999572753906,2
19.90399932861328,2
17.209999084472656,2
18.139999389648438,2
16.34000015258789,2
16.1299991607666,2
16.229999542236328,2
15.550000190734863,2
4.330999851226807,2
4.3460001945495605,2
4.201000213623047,2
4.598999977111816,2
17.350000381469727,2
17.239999771118164,2
18.610000610351562,2
18.260000228881836,2
77.36000061035156,2
77.55000305175781,2
73.97000122070312,2
74.7699966430664,2
75.01000213623047,2
5.105000019073486,2
5.002999782562256,2
4.650000095367432,2
4.645999908447266,2
76.94999694824219,2
18.6200008392334,2
17.68000030517578,2
19.950000762939453,2
17.492000579833984,2
14.40999984741211,2
16.030000686645508,2
17.860000610351562,2
18.15999984741211,2
18.309999465942383,2
18.56999969482422,2
17.809999465942383,2
17.799999237060547,2
17.969999313354492,2
19.820999145507812,2
19.142000198364258,2
18.083999633789062,2
17.93899917602539,2
18.184999465942383,2
18.601999282836914,2
14.3100004196167,2
14.149999618530273,2
3.257999897003174,2
14.489999771118164,2
3.5789999961853027,2
76.72000122070312,2
76.70999908447266,2
76.0199966430664,2
76.69999694824219,2
79.80000305175781,2
80.6500015258789,2
16.493999481201172,2
74.0199966430664,2
80.75,2
5.098999977111816,2
78.30999755859375,2
16.540000915527344,2
16.780000686645508,2
16.84000015258789,2
16.709999084472656,2
3.309999942779541,2
3.4570000171661377,2
3.4089999198913574,2
3.447999954223633,2
3.678999900817871,2
75.27999877929688,2
75.61000061035156,2
77.48999786376953,2
79.4000015258789,2
78.5199966430664,2
82.7300033569336,2
3.3910000324249268,1
3.4010000228881836,1
3.4170000553131104,1
80.47000122070312,1
76.33999633789062,1
76.2699966430664,1
75.77999877929688,1
75.26000213623047,1
75.30999755859375,1
77.52999877929688,1
81.1500015258789,1
77.98999786376953,1
78.41999816894531,1
78.45999908447266,1
80.87999725341797,1
75.12000274658203,1
80.1500015258789,1
78.81999969482422,1
4.209000110626221,1
4.296000003814697,1
4.248000144958496,1
4.244999885559082,1
4.298999786376953,1
4.540999889373779,1
76.01000213623047,1
76.77999877929688,1
76.38999938964844,1
76.13999938964844,1
65.5199966430664,1
75.97000122070312,1
80.70999908447266,1
16.809999465942383,1
14.960000038146973,1
15.0600004196167,1
15.739999771118164,1
17.259000778198242,1
16.85300064086914,1
16.804000854492188,1
17.222000122070312,1
17.50200080871582,1
16.950000762939453,1
19.20599937438965,1
19.30299949645996,1
19.312999725341797,1
19.222000122070312,1
16.079999923706055,1
16.59000015258789,1
18.0939998626709,1
17.85300064086914,1
19.347999572753906,1
19.856000900268555,1
20.222999572753906,1
19.886999130249023,1
19.680999755859375,1
19.024999618530273,1
18.551000595092773,1
18.143999099731445,1
17.974000930786133,1
14.359999656677246,1
15.149999618530273,1
15.720000267028809,1
16.739999771118164,1
16.90999984741211,1
17.993999481201172,1
18.40999984741211,1
18.481000900268555,1
18.645999908447266,1
18.69300079345703,1
19.466999053955078,1
20.139999389648438,1
19.54400062561035,1
19.618999481201172,1
19.54199981689453,1
18.799999237060547,1
18.450000762939453,1
16.309999465942383,1
15.989999771118164,1
15.1899995803833,1
18.974000930786133,1
17.1200008392334,1
17.110000610351562,1
16.469999313354492,1
17.559999465942383,1
18.1299991607666,1
18.010000228881836,1
17.889999389648438,1
17.989999771118164,1
18.030000686645508,1
18.25,1
18.59000015258789,1
18.43000030517578,1
18.290000915527344,1
16.190000534057617,1
16.3799991607666,1
18.16699981689453,1
19.155000686645508,1
19.268999099731445,1
20.461000442504883,1
20.52400016784668,1
20.11400032043457,1
19.242000579833984,1
19.030000686645508,1
19.395999908447266,1
19.444000244140625,1
21.764999389648438,1
21.864999771118164,1
22.011999130249023,1
16.559999465942383,1
16.31999969482422,1
17.510000228881836,1
17.459999084472656,1
4.195000171661377,1
16.209999084472656,1
16.049999237060547,1
15.609999656677246,1
15.75,1
16.0,1
16.360000610351562,1
16.239999771118164,1
16.15999984741211,1
15.649999618530273,1
15.920000076293945,1
15.539999961853027,1
15.680000305175781,1
17.93000030517578,1
17.84000015258789,1
17.610000610351562,1
15.3100004196167,1
15.25,1
14.100000381469727,1
22.347000122070312,1
21.783000946044922,1
20.726999282836914,1
20.233999252319336,1
20.25200080871582,1
20.202999114990234,1
24.804000854492188,1
24.368000030517578,1
23.566999435424805,1
4.563000202178955,1
4.3429999351501465,1
4.340000152587891,1
4.295000076293945,1
13.470000267028809,1
23.490999221801758,1
23.527000427246094,1
22.722999572753906,1
22.79800033569336,1
22.88599967956543,1
22.493999481201172,1
21.576000213623047,1
21.858999252319336,1
21.98200035095215,1
23.195999145507812,1
23.691999435424805,1
24.184999465942383,1
23.909000396728516,1
13.930000305175781,1
14.520000457763672,1
24.27199935913086,1
23.433000564575195,1
23.371000289916992,1
23.29199981689453,1
23.0049991607666,1
23.959999084472656,1
23.60700035095215,1
17.163000106811523,1
21.756000518798828,1
14.279999732971191,1
13.529999732971191,1
13.609999656677246,1
13.210000038146973,1
4.2270002365112305,1
4.39300012588501,1
4.732999801635742,1
14.800000190734863,1
14.770000457763672,1
14.380000114440918,1
13.6899995803833,1
12.649999618530273,1
12.430000305175781,1
13.09000015258789,1
13.34000015258789,1
12.920000076293945,1
12.100000381469727,1
14.050000190734863,1
14.079999923706055,1
13.9399995803833,1
13.739999771118164,1
14.369999885559082,1
14.09000015258789,1
14.920000076293945,1
20.964000701904297,1
20.645999908447266,1
20.768999099731445,1
21.201000213623047,1
20.97100067138672,1
20.982999801635742,1
21.74799919128418,1
21.43199920654297,1
21.663999557495117,1
22.577999114990234,1
15.24899959564209,1
15.116999626159668,1
15.055000305175781,1
14.75,1
14.619999885559082,1
15.461000442504883,1
15.522000312805176,1
15.515000343322754,1
15.82800006866455,1
16.56800079345703,1
16.288000106811523,1
16.243999481201172,1
16.270999908447266,1
12.930000305175781,1
12.729999542236328,1
13.1899995803833,1
13.350000381469727,1
13.369999885559082,1
13.520000457763672,1
13.869999885559082,1
14.699999809265137,1
11.470000267028809,1
11.229999542236328,1
13.489999771118164,1
13.300000190734863,1
13.010000228881836,1
12.770000457763672,1
12.470000267028809,1
12.079999923706055,1
12.050000190734863,1
11.859999656677246,1
11.149999618530273,1
13.390000343322754,1
15.123000144958496,1
15.031000137329102,1
15.543000221252441,1
15.633999824523926,1
11.489999771118164,1
16.26300048828125,1
16.013999938964844,1
15.642999649047852,1
15.282999992370605,1
15.496000289916992,1
15.232999801635742,1
15.708999633789062,1
15.354000091552734,1
15.607000350952148,1
14.845000267028809,1
14.968000411987305,1
15.010000228881836,1
14.833999633789062,1
11.460000038146973,1
11.550000190734863,1
10.890000343322754,1
14.515999794006348,1
14.477999687194824,1
14.670999526977539,1
14.553000450134277,1
14.541000366210938,1
14.390999794006348,1
14.50100040435791,1
14.765000343322754,1
13.866000175476074,1
13.678999900817871,1
11.079999923706055,1
11.069999694824219,1
10.640000343322754,1
10.649999618530273,1
10.880000114440918,1
4.103000164031982,1
4.190999984741211,1
10.760000228881836,1
10.050000190734863,1
13.482999801635742,1
13.461999893188477,1
13.97700023651123,1
14.081000328063965,1
15.013999938964844,1
15.321999549865723,1
11.390000343322754,1
11.411999702453613,1
11.095000267028809,1
9.979999542236328,1
9.770000457763672,1
10.670000076293945,1
4.583000183105469,1
5.820000171661377,1
11.163000106811523,1
11.357000350952148,1
12.08899974822998,1
11.883999824523926,1
11.871999740600586,1
11.829000473022461,1
11.875,1
10.75,1
10.47700023651123,1
10.442000389099121,1
3.993000030517578,1
4.005000114440918,1
3.9489998817443848,1
4.002999782562256,1
10.916999816894531,1
8.621000289916992,1
8.545999526977539,1
11.015999794006348,1
10.605999946594238,1
10.638999938964844,1
10.420000076293945,1
10.45199966430664,1
10.62600040435791,1
10.583000183105469,1
10.993000030517578,1
9.201000213623047,1
9.003999710083008,1
9.059000015258789,1
9.809000015258789,1
4.7820000648498535,1
8.968999862670898,1
8.972000122070312,1
9.114999771118164,1
8.979000091552734,1
9.062999725341797,1
8.689000129699707,1
8.737000465393066,1
8.680000305175781,1
4.267000198364258,1
4.681000232696533,1
4.785999774932861,1
10.128000259399414,1
10.369000434875488,1
10.387999534606934,1
10.600000381469727,1
10.883000373840332,1
8.685999870300293,1
8.67300033569336,1
8.642000198364258,1
8.85200023651123,1
9.005000114440918,1
6.650000095367432,1
6.989999771118164,1
6.619999885559082,1
6.510000228881836,1
6.320000171661377,1
8.970000267028809,1
9.253000259399414,1
9.324999809265137,1
9.21399974822998,1
8.980999946594238,1
8.833000183105469,1
3.7160000801086426,1
3.7009999752044678,1
3.753999948501587,1
6.329999923706055,1
6.570000171661377,1
6.760000228881836,1
6.900000095367432,1
7.150000095367432,1
7.710000038146973,1
6.869999885559082,1
8.968000411987305,1
8.996999740600586,1
8.892000198364258,1
8.590999603271484,1
8.434000015258789,1
8.621999740600586,1
9.230999946594238,1
9.031999588012695,1
9.071000099182129,1
8.972999572753906,1
8.99899959564209,1
9.005999565124512,1
9.071999549865723,1
8.317000389099121,1
8.348999977111816,1
8.345999717712402,1
8.14900016784668,1
6.889999866485596,1
6.920000076293945,1
6.860000133514404,1
3.694999933242798,1
3.697999954223633,1
8.192000389099121,1
8.553000450134277,1
8.831999778747559,1
8.866999626159668,1
8.807000160217285,1
8.814000129699707,1
8.83899974822998,1
8.01099967956543,1
7.935999870300293,1
7.932000160217285,1
3.865000009536743,1
3.8910000324249268,1
3.946000099182129,1
7.949999809265137,1
7.420000076293945,1
9.32699966430664,1
8.032999992370605,1
8.269000053405762,1
8.468000411987305,1
8.35200023651123,1
8.215999603271484,1
8.25100040435791,1
8.354000091552734,1
8.388999938964844,1
8.430999755859375,1
8.70199966430664,1
9.270000457763672,1
9.109999656677246,1
9.140000343322754,1
3.7269999980926514,1
3.749000072479248,1
3.7869999408721924,1
8.39799976348877,1
8.258000373840332,1
8.001999855041504,1
7.913000106811523,1
8.281000137329102,1
7.861999988555908,1
7.7870001792907715,1
7.790999889373779,1
7.708000183105469,1
10.5,1
10.25,1
10.319999694824219,1
10.359999656677246,1
10.220000267028809,1
10.289999961853027,1
7.876999855041504,1
7.989999771118164,1
8.079999923706055,1
10.390000343322754,1
10.199999809265137,1
10.270000457763672,1
9.949999809265137,1
9.930000305175781,1
9.59000015258789,1
9.520000457763672,1
9.4399995803833,1
9.5600004196167,1
8.90999984741211,1
9.819999694824219,1
10.0,1
8.520999908447266,1
8.432000160217285,1
8.630000114440918,1
9.470000267028809,1
9.319999694824219,1
7.822999954223633,1
8.173999786376953,1
8.449000358581543,1
8.383999824523926,1
8.402000427246094,1
8.147000312805176,1
8.38700008392334,1
8.404000282287598,1
8.270999908447266,1
9.045000076293945,1
9.010000228881836,1
9.130000114440918,1
8.229999542236328,1
7.77400016784668,1
7.625999927520752,1
7.427999973297119,1
9.140999794006348,1
9.208999633789062,1
8.831000328063965,1
8.201000213623047,1
8.00100040435791,1
7.965000152587891,1
7.8470001220703125,1
7.465000152587891,1
7.506999969482422,1
7.480999946594238,1
7.504000186920166,1
7.730000019073486,1
8.4399995803833,1
9.90999984741211,1
9.670000076293945,1
9.710000038146973,1
9.680000305175781,1
8.760000228881836,1
8.859999656677246,1
8.770000457763672,1
8.279999732971191,1
8.8100004196167,1
7.885000228881836,1
8.128999710083008,1
7.979000091552734,1
8.151000022888184,1
8.126999855041504,1
8.522000312805176,1
7.803999900817871,1
7.670000076293945,1
7.78000020980835,1
7.5370001792907715,1
7.706999778747559,1
7.798999786376953,1
7.646999835968018,1
7.59499979019165,1
7.60099983215332,1
7.573999881744385,1
7.414000034332275,1
6.479000091552734,1
7.033999919891357,1
7.452000141143799,1
7.4629998207092285,1
9.329999923706055,1
9.800000190734863,1
6.111999988555908,1
6.269999980926514,1
4.607999801635742,1
4.638999938964844,1
7.889999866485596,1
7.675000190734863,1
7.961999893188477,1
7.658999919891357,1
7.5960001945495605,1
7.515999794006348,1
7.892000198364258,1
5.945000171661377,1
5.874000072479248,1
6.10699987411499,1
9.34000015258789,1
7.489999771118164,1
3.5759999752044678,1
3.559000015258789,1
7.920000076293945,1
7.360000133514404,1
7.170000076293945,1
7.090000152587891,1
6.5,1
6.090000152587891,1
5.769999980926514,1
9.880000114440918,1
9.300000190734863,1
6.119999885559082,1
6.054999828338623,1
6.060999870300293,1
6.1570000648498535,1
6.017000198364258,1
6.130000114440918,1
6.230000019073486,1
5.001999855041504,1
5.150000095367432,1
5.195000171661377,1
5.197999954223633,1
5.5,1
5.3420000076293945,1
5.0929999351501465,1
4.440999984741211,1
4.335999965667725,1
4.5320000648498535,1
6.309999942779541,1
3.3580000400543213,1
3.4040000438690186,1
3.486999988555908,1
5.011000156402588,1
4.710000038146973,1
4.734000205993652,1
4.671000003814697,1
4.660999774932861,1
4.514999866485596,1
4.479000091552734,1
4.5,1
6.690000057220459,1
6.730000019073486,1
7.630000114440918,1
7.880000114440918,1
7.139999866485596,1
5.610000133514404,1
5.590000152587891,1
5.949999809265137,1
13.5,1
13.579999923706055,1
13.4399995803833,1
14.300000190734863,1
7.760000228881836,1
9.25,1
9.970000267028809,1
10.350000381469727,1
11.829999923706055,1
12.670000076293945,1
12.09000015258789,1
11.619999885559082,1
11.630000114440918,1
10.800000190734863,1
3.5399999618530273,1
4.928999900817871,1
15.449999809265137,1
15.869999885559082,1
15.890000343322754,1
15.770000457763672,1
15.829999923706055,1
16.989999771118164,1
17.18000030517578,1
17.479999542236328,1
17.469999313354492,1
11.680000305175781,1
11.890000343322754,1
12.109999656677246,1
12.399999618530273,1
13.550000190734863,1
13.119999885559082,1
13.65999984741211,1
12.8100004196167,1
4.47599983215332,1
4.3470001220703125,1
4.2170000076293945,1
4.396999835968018,1
4.369999885559082,1
4.333000183105469,1
4.257999897003174,1
4.099999904632568,1
4.388999938964844,1
4.230000019073486,1
4.191999912261963,1
4.114999771118164,1
4.140999794006348,1
4.192999839782715,1
14.90999984741211,1
20.3700008392334,1
19.360000610351562,1
17.0,1
17.649999618530273,1
17.200000762939453,1
17.5,1
17.700000762939453,1
17.399999618530273,1
17.579999923706055,1
16.489999771118164,1
16.860000610351562,1
17.219999313354492,1
17.780000686645508,1
12.819999694824219,1
11.770000457763672,1
12.130000114440918,1
18.790000915527344,1
18.690000534057617,1
18.850000381469727,1
18.739999771118164,1
18.520000457763672,1
19.25,1
19.610000610351562,1
18.600000381469727,1
18.329999923706055,1
18.270000457763672,1
17.899999618530273,1
18.889999389648438,1
19.799999237060547,1
20.399999618530273,1
20.5,1
19.700000762939453,1
17.81999969482422,1
18.899999618530273,1
18.860000610351562,1
4.242000102996826,1
4.406000137329102,1
4.4019999504089355,1
4.4120001792907715,1
4.26200008392334,1
4.544000148773193,1
4.605999946594238,1
4.590000152587891,1
3.74399995803833,1
3.759000062942505,1
3.799999952316284,1
18.700000762939453,1
18.5,1
21.600000381469727,1
21.469999313354492,1
21.899999618530273,1
21.940000534057617,1
19.420000076293945,1
19.5,1
19.959999084472656,1
19.8799991607666,1
20.260000228881836,1
19.920000076293945,1
20.149999618530273,1
20.010000228881836,1
21.540000915527344,1
21.329999923706055,1
22.799999237060547,1
19.329999923706055,1
21.90999984741211,1
3.98799991607666,1
3.9809999465942383,1
3.8970000743865967,1
3.8940000534057617,1
4.245999813079834,1
4.484000205993652,1
4.515999794006348,1
3.11299991607666,1
3.000999927520752,1
3.0820000171661377,1
22.600000381469727,1
22.700000762939453,1
23.790000915527344,1
22.790000915527344,1
22.15999984741211,1
28.65999984741211,1
28.600000381469727,1
27.649999618530273,1
27.43000030517578,1
24.25,1
25.1200008392334,1
27.610000610351562,1
30.190000534057617,1
28.5,1
27.920000076293945,1
27.1200008392334,1
27.469999313354492,1
28.350000381469727,1
23.010000228881836,1
23.110000610351562,1
22.399999618530273,1
3.2079999446868896,1
3.5329999923706055,1
3.433000087738037,1
3.381999969482422,1
3.4619998931884766,1
3.5510001182556152,1
3.6040000915527344,1
3.5969998836517334,1
3.6630001068115234,1
3.565999984741211,1
3.5959999561309814,1
3.5950000286102295,1
3.5899999141693115,1
28.299999237060547,1
29.079999923706055,1
29.309999465942383,1
32.93000030517578,1
33.290000915527344,1
27.079999923706055,1
27.770000457763672,1
28.770000457763672,1
27.18000030517578,1
28.200000762939453,1
27.729999542236328,1
28.309999465942383,1
28.049999237060547,1
27.209999084472656,1
27.0,1
27.850000381469727,1
28.010000228881836,1
27.899999618530273,1
28.719999313354492,1
30.899999618530273,1
32.400001525878906,1
32.47999954223633,1
32.88999938964844,1
33.5,1
33.349998474121094,1
29.639999389648438,1
29.8700008392334,1
29.780000686645508,1
30.530000686645508,1
30.0,1
30.600000381469727,1
30.479999542236328,1
31.600000381469727,1
31.700000762939453,1
32.79999923706055,1
32.20000076293945,1
31.940000534057617,1
32.09000015258789,1
3.562999963760376,1
3.6579999923706055,1
3.6689999103546143,1
3.628000020980835,1
3.671999931335449,1
3.568000078201294,1
3.322000026702881,1
3.3889999389648438,1
3.4200000762939453,1
3.4539999961853027,1
30.780000686645508,1
31.399999618530273,1
31.350000381469727,1
31.209999084472656,1
33.220001220703125,1
33.099998474121094,1
33.97999954223633,1
31.549999237060547,1
33.2599983215332,1
36.5099983215332,1
34.70000076293945,1
34.310001373291016,1
37.0,1
44.400001525878906,1
41.0,1
47.25,1
44.25,1
40.40999984741211,1
34.810001373291016,1
35.0099983215332,1
34.75,1
34.209999084472656,1
3.434000015258789,1
3.303999900817871,1
3.365000009536743,1
3.555000066757202,1
3.509999990463257,1
3.4059998989105225,1
4.229000091552734,1
4.314000129699707,1
34.2400016784668,1
35.2400016784668,1
33.84000015258789,1
32.4900016784668,1
32.04999923706055,1
47.970001220703125,1
36.400001525878906,1
35.849998474121094,1
37.150001525878906,1
35.29999923706055,1
34.220001220703125,1
32.5,1
33.43000030517578,1
33.13999938964844,1
34.47999954223633,1
33.70000076293945,1
34.5,1
33.849998474121094,1
34.0,1
44.40999984741211,1
40.5,1
47.40999984741211,1
47.22999954223633,1
44.040000915527344,1
44.630001068115234,1
47.47999954223633,1
47.689998626708984,1
43.119998931884766,1
42.900001525878906,1
43.81999969482422,1
44.70000076293945,1
44.29999923706055,1
46.65999984741211,1
46.150001525878906,1
47.310001373291016,1
47.18000030517578,1
46.75,1
46.66999816894531,1
43.70000076293945,1
44.560001373291016,1
46.849998474121094,1
62.40999984741211,1
68.0,1
63.63999938964844,1
59.70000076293945,1
58.849998474121094,1
48.02000045776367,1
47.70000076293945,1
48.79999923706055,1
49.0,1
47.56999969482422,1
47.540000915527344,1
47.7599983215332,1
47.900001525878906,1
47.36000061035156,1
47.150001525878906,1
47.209999084472656,1
4.324999809265137,1
4.336999893188477,1
4.375,1
4.311999797821045,1
4.202000141143799,1
4.183000087738037,1
3.996000051498413,1
3.759999990463257,1
3.9820001125335693,1
3.9609999656677246,1
3.8350000381469727,1
4.01200008392334,1
69.0,1
72.5,1
81.11000061035156,1
58.70000076293945,1
62.5099983215332,1
59.75,1
57.880001068115234,1
56.52000045776367,1
56.310001373291016,1
59.0,1
58.31999969482422,1
60.4900016784668,1
60.0,1
59.709999084472656,1
59.189998626708984,1
58.52000045776367,1
56.0,1
55.79999923706055,1
4.000999927520752,1
4.289999961853027,1
4.11299991607666,1
4.004000186920166,1
4.064000129699707,1
4.254000186920166,1
4.586999893188477,1
4.40500020980835,1
4.4670000076293945,1
4.499000072479248,1
55.54999923706055,1
58.599998474121094,1
59.29999923706055,1
68.37999725341797,1
90.1500015258789,1
88.87999725341797,1
89.0199966430664,1
108.41999816894531,1
94.5,1
99.0,1
92.0,1
96.0,1
95.0,1
90.25,1
87.05000305175781,1
90.80000305175781,1
91.11000061035156,1
91.0,1
58.0,1
58.29999923706055,1
87.75,1
90.5,1
89.80999755859375,1
88.55999755859375,1
88.01000213623047,1
87.69999694824219,1
89.5999984741211,1
87.08999633789062,1
88.05000305175781,1
87.5999984741211,1
87.37000274658203,1
88.5,1
93.20999908447266,1
92.12000274658203,1
90.11000061035156,1
90.30999755859375,1
4.507999897003174,1
4.421999931335449,1
4.480000019073486,1
4.579999923706055,1
4.670000076293945,1
4.625,1
4.567999839782715,1
4.331999778747559,1
4.059000015258789,1
3.885999917984009,1
4.702000141143799,1
4.855999946594238,1
4.986999988555908,1
89.62000274658203,1
89.0999984741211,1
87.30999755859375,1
88.0,1
85.0999984741211,1
82.54000091552734,1
81.01000213623047,1
79.5999984741211,1
78.5,1
86.4000015258789,1
86.5,1
85.4800033569336,1
84.25,1
82.7699966430664,1
81.7699966430664,1
78.12000274658203,1
91.80000305175781,1
90.26000213623047,1
89.69999694824219,1
81.94999694824219,1
74.30000305175781,1
79.45999908447266,1
4.889999866485596,1
4.807000160217285,1
4.744999885559082,1
4.824999809265137,1
4.826000213623047,1
4.798999786376953,1
4.75,1
4.620999813079834,1
4.665999889373779,1
4.689000129699707,1
86.0,1
84.97000122070312,1
86.44999694824219,1
81.69999694824219,1
82.69999694824219,1
79.83000183105469,1
79.3499984741211,1
79.0999984741211,1
79.08000183105469,1
77.12000274658203,1
77.33000183105469,1
81.08999633789062,1
82.23999786376953,1
82.47000122070312,1
81.88999938964844,1
82.05000305175781,1
81.58000183105469,1
80.5199966430664,1
82.5,1
4.52400016784668,1
4.6529998779296875,1
4.698999881744385,1
4.89300012588501,1
4.775000095367432,1
4.6570000648498535,1
4.8480000495910645,1
4.933000087738037,1
4.935999870300293,1
4.964000225067139,1
4.9070000648498535,1
83.51000213623047,1
83.31999969482422,1
87.5,1
85.31999969482422,1
83.86000061035156,1
81.16000366210938,1
80.55999755859375,1
80.11000061035156,1
80.20999908447266,1
77.06999969482422,1
76.30000305175781,1
80.0,1
79.30999755859375,1
79.1500015258789,1
78.79000091552734,1
83.01000213623047,1
81.91999816894531,1
81.43000030517578,1
80.87000274658203,1
82.87999725341797,1
80.94000244140625,1
81.38999938964844,1
4.835999965667725,1
4.692999839782715,1
4.804999828338623,1
4.7729997634887695,1
4.480999946594238,1
4.420000076293945,1
4.642000198364258,1
4.8470001220703125,1
3.999000072479248,1
4.197000026702881,1
4.1620001792907715,1
4.980999946594238,1
78.0199966430664,1
80.12000274658203,1
79.91000366210938,1
78.73999786376953,1
80.30000305175781,1
78.55000305175781,1
77.22000122070312,1
74.51000213623047,1
74.55000305175781,1
73.94999694824219,1
73.93000030517578,1
76.18000030517578,1
77.58000183105469,1
75.75,1
75.7300033569336,1
75.62000274658203,1
75.80000305175781,1
79.30000305175781,1
79.7699966430664,1
72.98999786376953,1
73.55000305175781,1
77.19999694824219,1
74.0,1
4.9039998054504395,1
4.603000164031982,1
4.718999862670898,1
4.703999996185303,1
4.685999870300293,1
4.706999778747559,1
4.7129998207092285,1
5.165999889373779,1
5.008999824523926,1
5.000999927520752,1
74.27999877929688,1
74.16000366210938,1
74.44999694824219,1
75.11000061035156,1
5.0,1
4.568999767303467,1
4.679999828338623,1
4.644000053405762,1
4.271999835968018,1
5.238999843597412,1
5.381999969482422,1
5.4029998779296875,1
74.69000244140625,1
74.91000366210938,1
74.05000305175781,1
73.62000274658203,1
73.5199966430664,1
73.51000213623047,1
5.061999797821045,1
5.072999954223633,1
5.1529998779296875,1
79.48999786376953,1
78.58999633789062,1
83.48999786376953,1
79.18000030517578,1
73.83999633789062,1
74.41999816894531,1
75.19000244140625,1
75.83000183105469,1
77.77999877929688,1
76.62000274658203,1
77.20999908447266,1
74.9000015258789,1
74.5999984741211,1
81.06999969482422,1
77.97000122070312,1
75.54000091552734,1
75.98999786376953,1
3.4670000076293945,1
3.5269999504089355,1
3.5160000324249268,1
3.434999942779541,1
3.4489998817443848,1
3.2339999675750732,1
73.37999725341797,1
72.88999938964844,1
74.33000183105469,1
73.9000015258789,1
5.205999851226807,1
5.214000225067139,1
80.01000213623047,1
3.1410000324249268,1
3.0850000381469727,1
3.0999999046325684,1
3.193000078201294,1
75.8499984741211,1
76.80999755859375,1
76.66000366210938,1
79.5,1
78.30000305175781,1
78.37000274658203,1
78.62000274658203,1
3.3320000171661377,1
3.2809998989105225,1
3.390000104904175,1
3.4030001163482666,1
17.229999542236328,1
16.43000030517578,1
14.859999656677246,1
14.720000267028809,1
14.119999885559082,1
14.600000381469727,1
14.210000038146973,1
14.609999656677246,1
15.170000076293945,1
19.30699920654297,1
17.77400016784668,1
17.990999221801758,1
18.16900062561035,1
3.309000015258789,1
83.9000015258789,1
78.5999984741211,1
